                  epoch,         train/box_loss,         train/cls_loss,         train/dfl_loss,   metrics/precision(B),      metrics/recall(B),       metrics/mAP50(B),    metrics/mAP50-95(B),           val/box_loss,           val/cls_loss,           val/dfl_loss,                 lr/pg0,                 lr/pg1,                 lr/pg2
                      1,                 2.1928,                 6.9346,                0.93865,                0.00333,                      1,                0.00948,                0.00379,                 1.4039,                 5.2149,                0.62454,                  4e-05,                  4e-05,                  4e-05
                      2,                 1.6414,                 6.3933,                0.86886,                0.00333,                      1,                0.00921,                0.00461,                  1.023,                 5.1116,                 0.5974,             9.9505e-05,             9.9505e-05,             9.9505e-05
                      3,                 1.8813,                 5.9076,                0.87437,                0.00333,                      1,                0.00921,                0.00461,                 1.4118,                 5.2275,                 0.6258,             0.00015842,             0.00015842,             0.00015842
                      4,                 1.7784,                 4.9226,                0.89159,                0.00333,                      1,                0.01144,                0.00343,                 1.8975,                 5.3461,                0.68134,             0.00021673,             0.00021673,             0.00021673
                      5,                 1.5333,                 3.6501,                0.90206,                0.00333,                      1,                0.01228,                0.00369,                 1.1907,                 5.3962,                0.60729,             0.00027446,             0.00027446,             0.00027446
                      6,                  1.466,                 3.6692,                 0.7955,                0.00333,                      1,                0.01363,                0.00545,                 1.0205,                 5.4718,                0.59928,             0.00033159,             0.00033159,             0.00033159
                      7,                 1.6368,                 3.2028,                0.82809,                0.00333,                      1,                0.01686,                0.00675,                 1.0319,                  5.344,                 0.6018,             0.00038812,             0.00038812,             0.00038812
                      8,                   1.66,                 3.5339,                 0.8352,                0.00333,                      1,                0.01658,                0.00663,                 1.3432,                 5.3476,                0.61746,             0.00044406,             0.00044406,             0.00044406
                      9,                 1.3251,                 2.6184,                0.84295,                0.00333,                      1,                0.01485,                0.00743,                 1.8525,                 5.3764,                0.66596,             0.00049941,             0.00049941,             0.00049941
                     10,                 1.6108,                 3.1057,                 0.8021,                0.00333,                      1,                0.01463,                0.00732,                 1.7802,                 5.3949,                0.65878,             0.00055416,             0.00055416,             0.00055416
                     11,                 1.6294,                 3.9918,                0.90319,                0.00333,                      1,                0.01605,                0.00802,                 1.2124,                 5.3336,                 0.6144,             0.00060832,             0.00060832,             0.00060832
                     12,                 1.6666,                 2.6719,                0.88304,                0.00333,                      1,                0.01442,                0.00865,                 1.4413,                 5.5223,                0.62561,             0.00066188,             0.00066188,             0.00066188
                     13,                 2.0421,                 3.1368,                0.86625,                0.00333,                      1,                0.01292,                0.00646,                 1.8477,                 5.4043,                0.65748,             0.00071486,             0.00071486,             0.00071486
                     14,                 1.5846,                 2.3219,                 0.8627,                0.00333,                      1,                0.01259,                 0.0063,                 1.5516,                 4.9935,                0.62829,             0.00076723,             0.00076723,             0.00076723
                     15,                 1.2563,                 3.6564,                0.91538,                0.00333,                      1,                0.01106,                0.00884,                 1.2264,                 4.8139,                0.61662,             0.00081902,             0.00081902,             0.00081902
                     16,                 1.3832,                 2.1626,                0.92201,                0.00333,                      1,                0.00905,                0.00724,                 1.4209,                 4.8262,                0.64063,             0.00087021,             0.00087021,             0.00087021
                     17,                 1.4109,                 2.1346,                0.90449,                0.00333,                      1,                 0.0076,                0.00608,                  1.388,                 5.1108,                0.65982,              0.0009208,              0.0009208,              0.0009208
                     18,                  1.388,                 2.3953,                0.84915,                0.00333,                      1,                0.01877,                0.01502,                 1.3506,                 4.8291,                 0.6397,              0.0009708,              0.0009708,              0.0009708
                     19,                 1.4595,                 2.4532,                0.82906,                0.00333,                      1,                  0.995,                  0.796,                 1.3318,                 4.8246,                0.62413,              0.0010202,              0.0010202,              0.0010202
                     20,                 1.2755,                 2.0543,                0.80979,                0.00333,                      1,                  0.995,                  0.796,                 1.1934,                  4.596,                0.60614,               0.001069,               0.001069,               0.001069
                     21,                 1.2201,                 2.3116,                0.83743,                0.00333,                      1,                  0.199,                 0.1592,                 1.2744,                 4.2834,                0.60703,              0.0011172,              0.0011172,              0.0011172
                     22,                 1.2812,                  2.065,                0.86258,                0.00333,                      1,                  0.995,                 0.6965,                 1.2634,                 3.7985,                0.60501,              0.0011649,              0.0011649,              0.0011649
                     23,                 1.4385,                 2.2251,                0.83138,                0.00333,                      1,                  0.995,                 0.6965,                0.97431,                 3.6794,                0.58427,              0.0012119,              0.0012119,              0.0012119
                     24,                 1.3253,                 1.9086,                0.83663,                0.00333,                      1,                  0.995,                 0.6965,                0.72029,                  3.761,                0.58245,              0.0012583,              0.0012583,              0.0012583
                     25,                 1.7241,                   2.11,                0.90503,                0.00333,                      1,                  0.995,                 0.8955,                0.78491,                 3.6931,                0.58787,              0.0013042,              0.0013042,              0.0013042
                     26,                 1.5059,                 2.4499,                0.84524,                0.00333,                      1,                  0.995,                  0.796,                0.93409,                 3.4251,                0.59453,              0.0013494,              0.0013494,              0.0013494
                     27,                 1.4868,                 2.4283,                0.83884,                0.65227,                      1,                  0.995,                 0.8955,                0.83067,                 3.0517,                 0.5927,              0.0013941,              0.0013941,              0.0013941
                     28,                 1.4172,                  2.049,                0.85501,                0.81659,                      1,                  0.995,                 0.8955,                 0.8234,                 2.9318,                0.58527,              0.0014381,              0.0014381,              0.0014381
                     29,                 1.5426,                  3.754,                0.86763,                0.81659,                      1,                  0.995,                 0.8955,                 0.8234,                 2.9318,                0.58527,              0.0014816,              0.0014816,              0.0014816
                     30,                 1.3832,                  1.907,                0.86269,                0.75017,                      1,                  0.995,                  0.796,                 1.2706,                 3.1813,                0.64759,              0.0015245,              0.0015245,              0.0015245
                     31,                 1.5145,                 2.2138,                0.85949,                0.81075,                      1,                  0.995,                 0.6965,                 1.5006,                 2.7342,                0.68511,              0.0015668,              0.0015668,              0.0015668
                     32,                 1.5823,                 2.0907,                0.89939,                  0.899,                      1,                  0.995,                  0.597,                 1.9317,                 2.6018,                0.71927,              0.0016084,              0.0016084,              0.0016084
                     33,                 1.4207,                 2.7069,                0.83125,                  0.899,                      1,                  0.995,                  0.597,                 1.9317,                 2.6018,                0.71927,              0.0016495,              0.0016495,              0.0016495
                     34,                 1.5235,                 1.7691,                0.93366,                0.93737,                      1,                  0.995,                 0.4975,                 2.0565,                 2.3345,                0.69493,              0.0016733,              0.0016733,              0.0016733
                     35,                 1.5426,                 1.8515,                0.87502,                0.93476,                      1,                  0.995,                 0.4975,                  2.055,                 2.1438,                0.68894,              0.0016634,              0.0016634,              0.0016634
                     36,                 1.5291,                 2.1525,                0.87901,                0.92425,                      1,                  0.995,                 0.4975,                 2.2565,                 2.1561,                0.71916,              0.0016535,              0.0016535,              0.0016535
                     37,                 1.5538,                 1.7903,                0.87188,                0.92425,                      1,                  0.995,                 0.4975,                 2.2565,                 2.1561,                0.71916,              0.0016436,              0.0016436,              0.0016436
                     38,                 1.4237,                 1.8457,                0.81555,                0.93293,                      1,                  0.995,                 0.4975,                 2.0748,                 1.9917,                0.70811,              0.0016337,              0.0016337,              0.0016337
                     39,                  1.385,                 1.8697,                0.85839,                0.94223,                      1,                  0.995,                  0.597,                 1.7303,                 1.7252,                0.67597,              0.0016238,              0.0016238,              0.0016238
                     40,                 1.5061,                 1.6398,                0.82093,                0.93654,                      1,                  0.995,                  0.597,                 1.5065,                 1.7363,                0.63624,              0.0016139,              0.0016139,              0.0016139
                     41,                 1.6874,                 1.6893,                 0.8589,                0.93654,                      1,                  0.995,                  0.597,                 1.5065,                 1.7363,                0.63624,               0.001604,               0.001604,               0.001604
                     42,                 1.4193,                 1.4821,                 0.8506,                0.92116,                      1,                  0.995,                 0.4975,                  1.587,                 1.9926,                0.64288,              0.0015941,              0.0015941,              0.0015941
                     43,                  1.298,                 1.4629,                0.81721,                0.93669,                      1,                  0.995,                  0.597,                 1.9562,                 1.8099,                0.67174,              0.0015842,              0.0015842,              0.0015842
                     44,                 1.7209,                 1.6206,                0.88335,                0.94048,                      1,                  0.995,                 0.4975,                 2.2824,                 1.9442,                0.73132,              0.0015743,              0.0015743,              0.0015743
                     45,                 1.7671,                 1.6342,                0.90002,                0.94048,                      1,                  0.995,                 0.4975,                 2.2824,                 1.9442,                0.73132,              0.0015644,              0.0015644,              0.0015644
                     46,                 1.7167,                 2.2972,                0.90086,                 0.9293,                      1,                  0.995,                  0.398,                 2.2451,                 1.8248,                0.72532,              0.0015545,              0.0015545,              0.0015545
                     47,                  1.326,                 1.4481,                 0.8359,                0.93656,                      1,                  0.995,                 0.6965,                 1.4931,                 1.5214,                 0.6501,              0.0015446,              0.0015446,              0.0015446
                     48,                 1.6424,                 1.5991,                0.89654,                0.94351,                      1,                  0.995,                 0.6965,                 1.1586,                  1.229,                0.62492,              0.0015347,              0.0015347,              0.0015347
                     49,                 1.4345,                  1.522,                0.82138,                0.94351,                      1,                  0.995,                 0.6965,                 1.1586,                  1.229,                0.62492,              0.0015248,              0.0015248,              0.0015248
                     50,                 1.5557,                 1.5904,                0.84813,                0.95153,                      1,                  0.995,                 0.6965,                 1.2034,                 1.1735,                0.62794,              0.0015149,              0.0015149,              0.0015149
                     51,                  1.431,                 1.3442,                0.83084,                0.95352,                      1,                  0.995,                 0.6965,                 1.0822,                 1.1882,                0.61702,               0.001505,               0.001505,               0.001505
                     52,                 1.3359,                 1.3695,                0.86265,                0.94948,                      1,                  0.995,                  0.796,                0.97889,                 1.3601,                0.62016,              0.0014951,              0.0014951,              0.0014951
                     53,                 1.4024,                  1.493,                0.85601,                0.94948,                      1,                  0.995,                  0.796,                0.97889,                 1.3601,                0.62016,              0.0014852,              0.0014852,              0.0014852
                     54,                 1.4361,                 1.1719,                0.79772,                0.95377,                      1,                  0.995,                 0.6965,                 1.3689,                 1.3885,                0.63386,              0.0014753,              0.0014753,              0.0014753
                     55,                 1.5759,                 1.4881,                0.87308,                0.95186,                      1,                  0.995,                 0.6965,                 1.3451,                 1.3579,                0.62721,              0.0014654,              0.0014654,              0.0014654
                     56,                 1.4901,                 1.2162,                0.84559,                0.94834,                      1,                  0.995,                  0.796,                 1.0196,                 1.2745,                0.60678,              0.0014555,              0.0014555,              0.0014555
                     57,                 1.2884,                 1.2073,                0.88717,                0.94834,                      1,                  0.995,                  0.796,                 1.0196,                 1.2745,                0.60678,              0.0014456,              0.0014456,              0.0014456
                     58,                 1.6689,                 1.3163,                  0.874,                0.94036,                      1,                  0.995,                 0.6965,                0.93648,                 1.3922,                0.60686,              0.0014357,              0.0014357,              0.0014357
                     59,                 1.3926,                 1.4284,                0.82838,                0.92996,                      1,                  0.995,                 0.8955,                  1.069,                 1.5632,                0.62375,              0.0014258,              0.0014258,              0.0014258
                     60,                 1.7201,                 1.4461,                0.86535,                0.94029,                      1,                  0.995,                 0.8955,                 1.0578,                 1.5652,                0.63479,              0.0014159,              0.0014159,              0.0014159
                     61,                 1.2641,                 1.0712,                0.84468,                0.94029,                      1,                  0.995,                 0.8955,                 1.0578,                 1.5652,                0.63479,               0.001406,               0.001406,               0.001406
                     62,                 1.1462,                 1.2743,                0.83693,                0.95785,                      1,                  0.995,                 0.6965,                 1.3908,                 1.4203,                0.64576,              0.0013961,              0.0013961,              0.0013961
                     63,                 1.2488,                 1.6063,                0.79411,                0.96002,                      1,                  0.995,                 0.6965,                 1.3385,                 1.3089,                0.63455,              0.0013862,              0.0013862,              0.0013862
                     64,                 1.3736,                 1.1515,                0.85969,                 0.9474,                      1,                  0.995,                  0.796,                 1.0901,                 1.3722,                0.61568,              0.0013763,              0.0013763,              0.0013763
                     65,                 1.4157,                 1.2139,                0.90179,                 0.9474,                      1,                  0.995,                  0.796,                 1.0901,                 1.3722,                0.61568,              0.0013664,              0.0013664,              0.0013664
                     66,                 1.3284,                 1.1003,                0.84987,                0.94293,                      1,                  0.995,                  0.796,                 1.2249,                 1.4594,                0.62294,              0.0013565,              0.0013565,              0.0013565
                     67,                  1.139,                 1.2059,                0.81815,                0.95885,                      1,                  0.995,                  0.597,                 1.6032,                 1.3842,                0.65701,              0.0013466,              0.0013466,              0.0013466
                     68,                 1.6451,                 1.4352,                0.90719,                 0.9679,                      1,                  0.995,                  0.597,                 1.7741,                 1.4065,                0.68542,              0.0013367,              0.0013367,              0.0013367
                     69,                 1.3618,                 1.1387,                0.84232,                 0.9679,                      1,                  0.995,                  0.597,                 1.7741,                 1.4065,                0.68542,              0.0013268,              0.0013268,              0.0013268
                     70,                 1.2322,                 1.3292,                0.77429,                0.96845,                      1,                  0.995,                 0.6965,                 1.6335,                 1.3565,                0.67408,              0.0013169,              0.0013169,              0.0013169
                     71,                  1.389,                 1.0748,                0.83738,                0.96635,                      1,                  0.995,                  0.796,                 1.2316,                 1.3564,                0.63561,               0.001307,               0.001307,               0.001307
                     72,                 1.1808,                 0.9595,                0.85187,                0.96465,                      1,                  0.995,                 0.8955,                0.99383,                 1.3454,                0.61976,              0.0012971,              0.0012971,              0.0012971
                     73,                 1.5231,                 1.0815,                0.88033,                0.96465,                      1,                  0.995,                 0.8955,                0.99383,                 1.3454,                0.61976,              0.0012872,              0.0012872,              0.0012872
                     74,                  1.172,                0.99869,                0.85978,                0.96467,                      1,                  0.995,                  0.796,                 1.1509,                 1.3024,                0.62445,              0.0012773,              0.0012773,              0.0012773
                     75,                  1.474,                 1.2448,                0.83926,                 0.9676,                      1,                  0.995,                  0.796,                 1.4278,                 1.2644,                0.63606,              0.0012674,              0.0012674,              0.0012674
                     76,                 1.2849,                 1.0142,                0.87799,                0.96859,                      1,                  0.995,                 0.6965,                 1.5185,                 1.2867,                0.64723,              0.0012575,              0.0012575,              0.0012575
                     77,                 1.4462,                 1.0648,                0.80297,                0.96859,                      1,                  0.995,                 0.6965,                 1.5185,                 1.2867,                0.64723,              0.0012476,              0.0012476,              0.0012476
                     78,                 1.3504,                0.97756,                0.86839,                0.96928,                      1,                  0.995,                  0.796,                 1.2712,                  1.334,                0.64297,              0.0012377,              0.0012377,              0.0012377
                     79,                  1.282,                0.86286,                0.90364,                0.96756,                      1,                  0.995,                  0.796,                 1.3444,                 1.2925,                0.64401,              0.0012278,              0.0012278,              0.0012278
                     80,                 1.3501,                 0.9999,                0.86069,                0.96641,                      1,                  0.995,                  0.796,                 1.3204,                 1.2795,                0.64545,              0.0012179,              0.0012179,              0.0012179
                     81,                 1.3293,                0.89837,                0.85339,                0.96641,                      1,                  0.995,                  0.796,                 1.3204,                 1.2795,                0.64545,               0.001208,               0.001208,               0.001208
                     82,                 1.3742,                0.85392,                0.86702,                0.96624,                      1,                  0.995,                 0.8955,                  1.062,                 1.2462,                0.63799,              0.0011981,              0.0011981,              0.0011981
                     83,                 1.2348,                 1.0335,                0.86678,                0.96621,                      1,                  0.995,                  0.796,                 1.1803,                 1.1027,                0.64486,              0.0011882,              0.0011882,              0.0011882
                     84,                 1.2588,                 1.0174,                 0.8537,                0.96275,                      1,                  0.995,                 0.8955,                0.93644,                 1.0129,                0.62928,              0.0011783,              0.0011783,              0.0011783
                     85,                 1.5223,                 1.0661,                0.89047,                0.96275,                      1,                  0.995,                 0.8955,                0.93644,                 1.0129,                0.62928,              0.0011684,              0.0011684,              0.0011684
                     86,                 1.4315,                0.90537,                0.85237,                 0.9579,                      1,                  0.995,                 0.8955,                0.77436,                 1.0439,                0.62023,              0.0011585,              0.0011585,              0.0011585
                     87,                 1.1858,                0.93466,                0.80513,                0.95629,                      1,                  0.995,                  0.796,                 1.0374,                0.99157,                0.62253,              0.0011486,              0.0011486,              0.0011486
                     88,                  1.235,                0.88938,                0.82331,                0.95871,                      1,                  0.995,                  0.796,                 1.2522,                 1.1123,                0.62806,              0.0011387,              0.0011387,              0.0011387
                     89,                 1.1387,                 1.0556,                0.79183,                0.95871,                      1,                  0.995,                  0.796,                 1.2522,                 1.1123,                0.62806,              0.0011288,              0.0011288,              0.0011288
                     90,                  1.463,                0.91458,                0.83475,                0.96177,                      1,                  0.995,                  0.597,                 1.4988,                 1.1884,                0.64305,              0.0011189,              0.0011189,              0.0011189
                     91,                 1.2986,                0.90867,                0.84075,                 0.9614,                      1,                  0.995,                  0.597,                 1.5221,                 1.2013,                0.64342,               0.001109,               0.001109,               0.001109
                     92,                 1.3523,                0.94951,                0.79976,                0.95766,                      1,                  0.995,                  0.597,                  1.478,                  1.163,                0.63598,              0.0010991,              0.0010991,              0.0010991
                     93,                 1.0338,                 1.2022,                0.77295,                0.95766,                      1,                  0.995,                  0.597,                  1.478,                  1.163,                0.63598,              0.0010892,              0.0010892,              0.0010892
                     94,                 1.1961,                0.80116,                0.79413,                 0.9555,                      1,                  0.995,                  0.597,                 1.5516,                 1.0985,                0.63876,              0.0010793,              0.0010793,              0.0010793
                     95,                  1.177,                 0.8044,                0.85291,                0.95568,                      1,                  0.995,                  0.597,                 1.7333,                 1.0317,                0.65515,              0.0010694,              0.0010694,              0.0010694
                     96,                 1.3668,                0.90678,                  0.822,                0.95811,                      1,                  0.995,                  0.597,                  1.838,                 1.0133,                0.66834,              0.0010595,              0.0010595,              0.0010595
                     97,                 1.3094,                0.87967,                0.84402,                0.95811,                      1,                  0.995,                  0.597,                  1.838,                 1.0133,                0.66834,              0.0010496,              0.0010496,              0.0010496
                     98,                 1.2429,                0.87777,                0.87713,                0.95823,                      1,                  0.995,                  0.597,                 1.7228,                0.99884,                0.65897,              0.0010397,              0.0010397,              0.0010397
                     99,                 1.2915,                0.88907,                0.79168,                0.95463,                      1,                  0.995,                 0.6965,                 1.5337,                0.99284,                0.64519,              0.0010298,              0.0010298,              0.0010298
                    100,                 1.4271,                 1.1119,                0.82917,                0.95378,                      1,                  0.995,                 0.6965,                 1.4286,                0.95175,                0.63773,              0.0010199,              0.0010199,              0.0010199
                    101,                 1.2599,                 0.9295,                0.83097,                0.95378,                      1,                  0.995,                 0.6965,                 1.4286,                0.95175,                0.63773,                0.00101,                0.00101,                0.00101
                    102,                 1.1873,                0.86256,                0.81619,                0.95835,                      1,                  0.995,                 0.6965,                 1.4008,                0.87267,                0.63476,              0.0010001,              0.0010001,              0.0010001
                    103,                 1.2876,                0.82082,                0.80269,                0.96396,                      1,                  0.995,                 0.6965,                 1.4535,                0.80024,                0.63823,              0.0009902,              0.0009902,              0.0009902
                    104,                 1.1918,                0.75609,                0.80093,                0.96676,                      1,                  0.995,                 0.6965,                 1.4726,                 0.8054,                0.63319,              0.0009803,              0.0009803,              0.0009803
                    105,                 1.3619,                0.76068,                0.90786,                0.96676,                      1,                  0.995,                 0.6965,                 1.4726,                 0.8054,                0.63319,              0.0009704,              0.0009704,              0.0009704
                    106,                 1.3743,                0.87125,                0.83728,                 0.9666,                      1,                  0.995,                 0.6965,                 1.3933,                0.82575,                0.62583,              0.0009605,              0.0009605,              0.0009605
                    107,                0.78716,                 1.1028,                0.56863,                0.96359,                      1,                  0.995,                 0.6965,                 1.3407,                0.85073,                0.62376,              0.0009506,              0.0009506,              0.0009506
                    108,                 1.2611,                0.88224,                 0.7923,                 0.9595,                      1,                  0.995,                 0.6965,                  1.283,                0.88161,                0.62278,              0.0009407,              0.0009407,              0.0009407
                    109,                 1.2272,                0.78139,                0.84548,                 0.9595,                      1,                  0.995,                 0.6965,                  1.283,                0.88161,                0.62278,              0.0009308,              0.0009308,              0.0009308
                    110,                   1.31,                0.79236,                0.82203,                0.96189,                      1,                  0.995,                  0.796,                 1.2817,                 0.9194,                 0.6237,              0.0009209,              0.0009209,              0.0009209
                    111,                 1.1641,                 0.7778,                0.81362,                0.96452,                      1,                  0.995,                  0.796,                 1.3867,                0.97877,                0.63268,               0.000911,               0.000911,               0.000911
                    112,                 1.3106,                0.76786,                0.87339,                0.96628,                      1,                  0.995,                 0.6965,                 1.5777,                 1.0902,                0.65202,              0.0009011,              0.0009011,              0.0009011
                    113,                 1.2606,                0.89742,                0.82205,                0.96628,                      1,                  0.995,                 0.6965,                 1.5777,                 1.0902,                0.65202,              0.0008912,              0.0008912,              0.0008912
                    114,                 1.5937,                0.91584,                0.90496,                0.96512,                      1,                  0.995,                 0.6965,                 1.7287,                 1.1624,                 0.6688,              0.0008813,              0.0008813,              0.0008813
                    115,                 1.3268,                 0.8752,                0.77636,                0.96126,                      1,                  0.995,                 0.6965,                 1.8368,                  1.151,                0.67806,              0.0008714,              0.0008714,              0.0008714
                    116,                  1.211,                0.77078,                 0.8515,                0.95741,                      1,                  0.995,                 0.6965,                 1.8043,                 1.1083,                0.67489,              0.0008615,              0.0008615,              0.0008615
                    117,                 1.1114,                 0.7999,                0.83747,                0.95741,                      1,                  0.995,                 0.6965,                 1.8043,                 1.1083,                0.67489,              0.0008516,              0.0008516,              0.0008516
                    118,                 1.3527,                0.83169,                0.83168,                0.95917,                      1,                  0.995,                 0.6965,                 1.6852,                 1.0568,                0.66544,              0.0008417,              0.0008417,              0.0008417
                    119,                 1.3684,                0.75333,                0.87075,                0.96242,                      1,                  0.995,                 0.6965,                 1.5676,                 1.0016,                0.65339,              0.0008318,              0.0008318,              0.0008318
                    120,                  1.355,                 0.8471,                0.88685,                0.96394,                      1,                  0.995,                 0.6965,                  1.535,                0.96317,                0.64716,              0.0008219,              0.0008219,              0.0008219
                    121,                 1.2195,                0.76303,                0.78474,                0.96394,                      1,                  0.995,                 0.6965,                  1.535,                0.96317,                0.64716,               0.000812,               0.000812,               0.000812
                    122,                 1.3217,                0.72122,                0.85042,                0.96522,                      1,                  0.995,                  0.597,                  1.545,                0.92652,                0.64845,              0.0008021,              0.0008021,              0.0008021
                    123,                 1.4251,                0.93342,                0.84865,                0.96629,                      1,                  0.995,                  0.597,                 1.6641,                0.83277,                0.64957,              0.0007922,              0.0007922,              0.0007922
                    124,                 1.4601,                0.82189,                0.80518,                0.96684,                      1,                  0.995,                  0.597,                  1.638,                0.75161,                0.64465,              0.0007823,              0.0007823,              0.0007823
                    125,                 1.2541,                0.72984,                0.83488,                0.96684,                      1,                  0.995,                  0.597,                  1.638,                0.75161,                0.64465,              0.0007724,              0.0007724,              0.0007724
                    126,                 1.2722,                0.76377,                0.76497,                0.96647,                      1,                  0.995,                 0.6965,                  1.532,                 0.7602,                0.63585,              0.0007625,              0.0007625,              0.0007625
                    127,                 1.1487,                0.79595,                0.71525,                0.96682,                      1,                  0.995,                 0.6965,                 1.2598,                0.72754,                0.61888,              0.0007526,              0.0007526,              0.0007526
                    128,                 1.2795,                0.76875,                0.78978,                0.96825,                      1,                  0.995,                 0.6965,                 1.3031,                0.75824,                0.61943,              0.0007427,              0.0007427,              0.0007427
                    129,                 1.3747,                0.75862,                0.86755,                0.96825,                      1,                  0.995,                 0.6965,                 1.3031,                0.75824,                0.61943,              0.0007328,              0.0007328,              0.0007328
                    130,                 1.2379,                0.91466,                0.80543,                0.96874,                      1,                  0.995,                 0.6965,                 1.4601,                0.78444,                0.63376,              0.0007229,              0.0007229,              0.0007229
                    131,                 1.1545,                0.74681,                0.78786,                0.96837,                      1,                  0.995,                  0.597,                 1.6706,                0.87133,                0.65632,               0.000713,               0.000713,               0.000713
                    132,                  1.583,                0.77217,                0.81778,                0.96758,                      1,                  0.995,                 0.4975,                 1.7776,                0.99415,                 0.6703,              0.0007031,              0.0007031,              0.0007031
                    133,                 1.3357,                0.73382,                0.84314,                0.96758,                      1,                  0.995,                 0.4975,                 1.7776,                0.99415,                 0.6703,              0.0006932,              0.0006932,              0.0006932
                    134,                 1.5436,                 0.8279,                 0.8321,                 0.9651,                      1,                  0.995,                 0.4975,                 1.7636,                 1.0638,                0.66912,              0.0006833,              0.0006833,              0.0006833
                    135,                 1.3443,                0.90358,                0.81646,                0.96434,                      1,                  0.995,                 0.6965,                 1.5999,                 1.0714,                0.65155,              0.0006734,              0.0006734,              0.0006734
                    136,                 1.1352,                0.68191,                 0.8173,                 0.9655,                      1,                  0.995,                  0.796,                   1.32,                 1.0347,                0.62694,              0.0006635,              0.0006635,              0.0006635
                    137,                 1.2743,                0.71678,                0.85257,                 0.9655,                      1,                  0.995,                  0.796,                   1.32,                 1.0347,                0.62694,              0.0006536,              0.0006536,              0.0006536
                    138,                  1.168,                0.71852,                0.83005,                0.96659,                      1,                  0.995,                  0.796,                 1.1098,                0.98507,                0.61138,              0.0006437,              0.0006437,              0.0006437
                    139,                 1.4783,                0.73237,                0.82914,                0.96808,                      1,                  0.995,                 0.8955,                0.92511,                 0.9248,                0.60235,              0.0006338,              0.0006338,              0.0006338
                    140,                 1.3535,                0.71593,                0.87628,                0.96888,                      1,                  0.995,                 0.8955,                0.84377,                0.88271,                0.59869,              0.0006239,              0.0006239,              0.0006239
                    141,                 1.1565,                0.73799,                0.78683,                0.96888,                      1,                  0.995,                 0.8955,                0.84377,                0.88271,                0.59869,               0.000614,               0.000614,               0.000614
                    142,                 1.3699,                0.81494,                 0.8858,                0.96786,                      1,                  0.995,                 0.8955,                0.88907,                0.86657,                0.59864,              0.0006041,              0.0006041,              0.0006041
                    143,                 1.2235,                0.70175,                0.85635,                0.96855,                      1,                  0.995,                 0.8955,                0.98888,                0.87444,                0.60185,              0.0005942,              0.0005942,              0.0005942
                    144,                 1.4195,                 0.8443,                 0.8151,                0.96819,                      1,                  0.995,                  0.796,                 1.1281,                0.88568,                0.60733,              0.0005843,              0.0005843,              0.0005843
                    145,                 1.3058,                0.78411,                0.76486,                0.96819,                      1,                  0.995,                  0.796,                 1.1281,                0.88568,                0.60733,              0.0005744,              0.0005744,              0.0005744
                    146,                 1.4894,                0.77784,                0.83581,                0.96708,                      1,                  0.995,                  0.796,                 1.2087,                0.89316,                0.61081,              0.0005645,              0.0005645,              0.0005645
                    147,                 1.2039,                0.70607,                0.87734,                  0.967,                      1,                  0.995,                  0.796,                 1.2191,                0.88537,                0.61105,              0.0005546,              0.0005546,              0.0005546
                    148,                 1.1853,                 0.6628,                0.85888,                0.96699,                      1,                  0.995,                  0.796,                 1.2288,                0.88442,                0.61269,              0.0005447,              0.0005447,              0.0005447
                    149,                 1.3951,                0.75377,                0.86896,                0.96699,                      1,                  0.995,                  0.796,                 1.2288,                0.88442,                0.61269,              0.0005348,              0.0005348,              0.0005348
                    150,                 1.0788,                0.65364,                0.79315,                0.96732,                      1,                  0.995,                  0.796,                 1.2314,                0.88278,                0.61501,              0.0005249,              0.0005249,              0.0005249
                    151,                 1.3339,                0.74126,                0.85263,                 0.9682,                      1,                  0.995,                  0.796,                 1.2418,                0.87986,                 0.6181,               0.000515,               0.000515,               0.000515
                    152,                 1.3115,                0.71903,                0.82189,                0.96814,                      1,                  0.995,                  0.796,                 1.3518,                0.89136,                0.62521,              0.0005051,              0.0005051,              0.0005051
                    153,                 1.2667,                0.66765,                0.85362,                0.96814,                      1,                  0.995,                  0.796,                 1.3518,                0.89136,                0.62521,              0.0004952,              0.0004952,              0.0004952
                    154,                0.95538,                0.59933,                0.82437,                0.96873,                      1,                  0.995,                 0.6965,                 1.4747,                0.91511,                0.63282,              0.0004853,              0.0004853,              0.0004853
                    155,                 1.3116,                0.72119,                0.88755,                0.96799,                      1,                  0.995,                 0.6965,                  1.506,                0.92408,                0.63665,              0.0004754,              0.0004754,              0.0004754
                    156,                 1.1809,                0.71933,                0.82766,                0.96746,                      1,                  0.995,                 0.6965,                 1.5334,                0.93811,                0.63966,              0.0004655,              0.0004655,              0.0004655
                    157,                 1.2057,                0.76346,                0.81081,                0.96746,                      1,                  0.995,                 0.6965,                 1.5334,                0.93811,                0.63966,              0.0004556,              0.0004556,              0.0004556
                    158,                 1.2565,                0.72397,                 0.8376,                0.96645,                      1,                  0.995,                 0.6965,                 1.5323,                0.93935,                0.64139,              0.0004457,              0.0004457,              0.0004457
                    159,                 1.3203,                0.66184,                0.88345,                0.96661,                      1,                  0.995,                 0.6965,                 1.4618,                0.92774,                0.63804,              0.0004358,              0.0004358,              0.0004358
                    160,                 1.1604,                0.67746,                0.84976,                0.96689,                      1,                  0.995,                  0.796,                 1.3693,                0.90574,                0.63458,              0.0004259,              0.0004259,              0.0004259
                    161,                 1.1507,                0.63585,                0.90551,                0.96689,                      1,                  0.995,                  0.796,                 1.3693,                0.90574,                0.63458,               0.000416,               0.000416,               0.000416
                    162,                 1.1021,                0.65558,                0.88776,                0.96785,                      1,                  0.995,                  0.796,                 1.3081,                0.87905,                0.63385,              0.0004061,              0.0004061,              0.0004061
                    163,                 1.3508,                0.84669,                0.79451,                 0.9689,                      1,                  0.995,                  0.796,                 1.3379,                0.84494,                0.63507,              0.0003962,              0.0003962,              0.0003962
                    164,                 1.0735,                0.66834,                0.79711,                 0.9627,                      1,                  0.995,                 0.6965,                 1.3475,                0.82904,                0.63475,              0.0003863,              0.0003863,              0.0003863
                    165,                 1.3268,                0.75295,                0.85909,                 0.9627,                      1,                  0.995,                 0.6965,                 1.3475,                0.82904,                0.63475,              0.0003764,              0.0003764,              0.0003764
                    166,                 1.3743,                0.81026,                0.79171,                0.96311,                      1,                  0.995,                 0.6965,                 1.3825,                0.81048,                0.63424,              0.0003665,              0.0003665,              0.0003665
                    167,                  1.136,                0.67381,                0.87527,                0.96331,                      1,                  0.995,                 0.6965,                 1.4335,                0.77265,                0.63385,              0.0003566,              0.0003566,              0.0003566
                    168,                 1.2452,                0.66686,                0.84052,                0.96844,                      1,                  0.995,                 0.6965,                 1.4719,                0.74222,                0.63322,              0.0003467,              0.0003467,              0.0003467
                    169,                 1.0657,                0.60732,                0.79818,                0.96844,                      1,                  0.995,                 0.6965,                 1.4719,                0.74222,                0.63322,              0.0003368,              0.0003368,              0.0003368
                    170,                 1.2078,                0.64638,                0.84034,                0.96777,                      1,                  0.995,                 0.6965,                 1.4502,                0.72551,                0.62934,              0.0003269,              0.0003269,              0.0003269
                    171,                  1.139,                 0.6266,                 0.8657,                0.96646,                      1,                  0.995,                 0.6965,                 1.4689,                0.73019,                0.62943,               0.000317,               0.000317,               0.000317
                    172,                 1.3724,                0.66063,                0.85533,                0.96617,                      1,                  0.995,                 0.6965,                 1.5042,                0.72576,                0.63138,              0.0003071,              0.0003071,              0.0003071
                    173,                 1.0875,                0.89951,                0.79348,                0.96617,                      1,                  0.995,                 0.6965,                 1.5042,                0.72576,                0.63138,              0.0002972,              0.0002972,              0.0002972
                    174,                 1.3478,                0.70558,                0.85275,                0.96636,                      1,                  0.995,                 0.6965,                 1.5351,                0.73493,                0.63364,              0.0002873,              0.0002873,              0.0002873
                    175,                 1.0494,                 0.6071,                0.83383,                0.96587,                      1,                  0.995,                 0.6965,                 1.5603,                0.75851,                0.63577,              0.0002774,              0.0002774,              0.0002774
                    176,                0.89704,                0.63368,                0.77064,                0.96664,                      1,                  0.995,                 0.6965,                 1.5569,                0.77032,                 0.6354,              0.0002675,              0.0002675,              0.0002675
                    177,                 1.1816,                0.65107,                0.78468,                0.96664,                      1,                  0.995,                 0.6965,                 1.5569,                0.77032,                 0.6354,              0.0002576,              0.0002576,              0.0002576
                    178,                 1.1409,                0.73768,                0.81228,                0.96746,                      1,                  0.995,                 0.6965,                 1.5441,                0.76864,                0.63437,              0.0002477,              0.0002477,              0.0002477
                    179,                 1.2487,                0.65687,                 0.8283,                0.96768,                      1,                  0.995,                 0.6965,                 1.5009,                0.76625,                0.63132,              0.0002378,              0.0002378,              0.0002378
                    180,                0.92357,                0.64444,                0.81836,                0.96788,                      1,                  0.995,                 0.6965,                 1.4464,                0.76829,                0.62853,              0.0002279,              0.0002279,              0.0002279
                    181,                 1.1678,                0.65319,                0.84211,                0.96788,                      1,                  0.995,                 0.6965,                 1.4464,                0.76829,                0.62853,               0.000218,               0.000218,               0.000218
                    182,                 1.1223,                0.69851,                0.82635,                0.96786,                      1,                  0.995,                 0.6965,                 1.3599,                0.75968,                0.62421,              0.0002081,              0.0002081,              0.0002081
                    183,                 1.2095,                0.62526,                0.82174,                 0.9676,                      1,                  0.995,                  0.796,                 1.3004,                0.75034,                0.62251,              0.0001982,              0.0001982,              0.0001982
                    184,                0.76466,                0.73638,                0.57183,                0.96735,                      1,                  0.995,                  0.796,                 1.2833,                0.74363,                0.62245,              0.0001883,              0.0001883,              0.0001883
                    185,                 1.2948,                 1.0966,                0.84446,                0.96735,                      1,                  0.995,                  0.796,                 1.2833,                0.74363,                0.62245,              0.0001784,              0.0001784,              0.0001784
                    186,                 1.1205,                0.58009,                0.84348,                0.96695,                      1,                  0.995,                  0.796,                 1.2736,                0.73747,                0.62221,              0.0001685,              0.0001685,              0.0001685
                    187,                 1.0038,                0.62165,                0.85193,                0.96654,                      1,                  0.995,                 0.6965,                 1.2886,                0.73101,                0.62288,              0.0001586,              0.0001586,              0.0001586
                    188,                 1.1571,                0.61588,                0.86834,                0.96671,                      1,                  0.995,                 0.6965,                 1.3326,                0.73074,                0.62504,              0.0001487,              0.0001487,              0.0001487
                    189,                  1.283,                0.59013,                  0.834,                0.96671,                      1,                  0.995,                 0.6965,                 1.3326,                0.73074,                0.62504,              0.0001388,              0.0001388,              0.0001388
                    190,                 1.2253,                0.62919,                  0.849,                0.96632,                      1,                  0.995,                 0.6965,                 1.3686,                0.73287,                0.62666,              0.0001289,              0.0001289,              0.0001289
                    191,                 1.1605,                0.68519,                0.80964,                0.96658,                      1,                  0.995,                 0.6965,                 1.4001,                0.73231,                0.62769,               0.000119,               0.000119,               0.000119
                    192,                 1.0681,                0.70392,                0.85827,                0.96624,                      1,                  0.995,                 0.6965,                 1.4222,                0.73287,                0.62821,              0.0001091,              0.0001091,              0.0001091
                    193,                 1.1299,                0.67304,                0.78486,                0.96624,                      1,                  0.995,                 0.6965,                 1.4222,                0.73287,                0.62821,               9.92e-05,               9.92e-05,               9.92e-05
                    194,                 1.1088,                0.74222,                0.76214,                0.96586,                      1,                  0.995,                 0.6965,                  1.434,                0.73095,                0.62826,               8.93e-05,               8.93e-05,               8.93e-05
                    195,                 1.1196,                0.72634,                0.77915,                0.96591,                      1,                  0.995,                 0.6965,                 1.4458,                0.72594,                0.62803,               7.94e-05,               7.94e-05,               7.94e-05
                    196,                 1.1176,                 0.7176,                  0.822,                0.96561,                      1,                  0.995,                 0.6965,                 1.4626,                 0.7218,                0.62839,               6.95e-05,               6.95e-05,               6.95e-05
                    197,                 1.1225,                0.74961,                0.82078,                0.96561,                      1,                  0.995,                 0.6965,                 1.4626,                 0.7218,                0.62839,               5.96e-05,               5.96e-05,               5.96e-05
                    198,                 1.2881,                0.80227,                0.82447,                0.96614,                      1,                  0.995,                 0.6965,                 1.4785,                0.72015,                0.62895,               4.97e-05,               4.97e-05,               4.97e-05
                    199,                 1.1775,                0.69182,                 0.7952,                  0.966,                      1,                  0.995,                 0.6965,                 1.4868,                0.72593,                0.62916,               3.98e-05,               3.98e-05,               3.98e-05
                    200,                  1.204,                0.64606,                 0.8261,                0.96576,                      1,                  0.995,                 0.6965,                 1.4872,                0.72773,                0.62889,               2.99e-05,               2.99e-05,               2.99e-05
